{
  "project_info": {
    "project_number": "125191066425",
    "project_id": "fir-activity-83e5a",
    "storage_bucket": "fir-activity-83e5a.appspot.com"
  },
  "client": [
    {
      "client_info": {
        "mobilesdk_app_id": "1:125191066425:android:bdddcd7a47d62ccb538ee8",
        "android_client_info": {
          "package_name": "com.example.firebase"
        }
      },
      "oauth_client": [],
      "api_key": [
        {
          "current_key": "AIzaSyCzl1K2nYBkshSxCGqByRbSeBSIEgY9ZKo"
        }
      ],
      "services": {
        "appinvite_service": {
          "other_platform_oauth_client": []
        }
      }
    }
  ],
  "configuration_version": "1"
}