{
  "project_info": {
    "project_number": "589203231428",
    "firebase_url": "https://madjava-ca4c1-default-rtdb.asia-southeast1.firebasedatabase.app",
    "project_id": "madjava-ca4c1",
    "storage_bucket": "madjava-ca4c1.appspot.com"
  },
  "client": [
    {
      "client_info": {
        "mobilesdk_app_id": "1:589203231428:android:7a527af8e684ec164c6f91",
        "android_client_info": {
          "package_name": "com.pau.simpledbfirebase"
        }
      },
      "oauth_client": [],
      "api_key": [
        {
          "current_key": "AIzaSyCkAAqgfIhRqhatLT7xc-D-KPbjlcHbWWQ"
        }
      ],
      "services": {
        "appinvite_service": {
          "other_platform_oauth_client": []
        }
      }
    }
  ],
  "configuration_version": "1"
}